{
  "model": "CILRS (ResNet-34)",
  "checkpoint_epoch": 20,
  "val_samples": 26439,
  "overall_metrics": {
    "Steer": {
      "MAE": 0.0047803460620343685,
      "MSE": 0.0002608108043204993,
      "RMSE": 0.016149637900600103,
      "Correlation": 0.986059926238499
    },
    "Throttle": {
      "MAE": 0.016574546694755554,
      "MSE": 0.003440019441768527,
      "RMSE": 0.0586516789339276,
      "Correlation": 0.9588988197666565
    },
    "Brake": {
      "MAE": 0.013097597286105156,
      "MSE": 0.008032966405153275,
      "RMSE": 0.08962681744407348,
      "Correlation": 0.9815165584454176
    },
    "Speed": {
      "MAE": 0.007837237790226936,
      "MSE": 0.0003793051582761109,
      "RMSE": 0.019475758220827012,
      "Correlation": 0.9843600907666761
    }
  },
  "per_command_metrics": {
    "FOLLOW": {
      "n": 13243,
      "steer_mae": 0.004130124114453793,
      "throttle_mae": 0.01833449862897396,
      "brake_mae": 0.015298927202820778,
      "steer_corr": 0.9863075083626903
    },
    "LEFT": {
      "n": 7190,
      "steer_mae": 0.0042144847102463245,
      "throttle_mae": 0.0160555150359869,
      "brake_mae": 0.011656408198177814,
      "steer_corr": 0.9893945227004568
    },
    "RIGHT": {
      "n": 3679,
      "steer_mae": 0.008602987043559551,
      "throttle_mae": 0.013141379691660404,
      "brake_mae": 0.00669556949287653,
      "steer_corr": 0.9931958564978384
    },
    "STRAIGHT": {
      "n": 2327,
      "steer_mae": 0.004185562953352928,
      "throttle_mae": 0.013590177521109581,
      "brake_mae": 0.01514444686472416,
      "steer_corr": 0.9878104102840615
    }
  },
  "steer_percentiles": {
    "P50": 0.0006764699937775731,
    "P75": 0.002172393724322319,
    "P90": 0.007051648106426001,
    "P95": 0.025084983557462692,
    "P99": 0.08524587005376816
  },
  "steer_accuracy_buckets": {
    "within_0.01": 0.9149740913045122,
    "within_0.02": 0.9406936722266349,
    "within_0.05": 0.9725405650743221,
    "within_0.1": 0.9936457505957109
  }
}